method,accuracy,pair
cosine,0.85125,pre_pre
cosine,0.81234375,pre_pre
cosine,0.85734375,pre_pre
cosine,0.9084375,pre_pre
cosine,0.85296875,pre_pre
cosine,0.80671875,pre_pre
cosine,0.82703125,pre_pre
cosine,0.858125,pre_pre
cosine,0.885,pre_pre
cosine,0.8284375,pre_pre
cosine,0.8865625,pre_pre
cosine,0.8684375,pre_pre
cosine,0.84734375,pre_pre
cosine,0.8434375,pre_pre
cosine,0.8071875,pre_pre
cosine,0.86859375,pre_pre
cosine,0.86875,pre_pre
cosine,0.8784375,pre_pre
cosine,0.8184375,pre_pre
cosine,0.88515625,pre_pre
cosine,0.8703125,pre_pre
cosine,0.8925,pre_pre
cosine,0.84109375,pre_pre
cosine,0.850625,pre_pre
cosine,0.87484375,pre_pre
cosine,0.8915625,pre_pre
cosine,0.8153125,pre_pre
cosine,0.85015625,pre_pre
cosine,0.81734375,pre_pre
cosine,0.9121875,pre_pre
cosine,0.888125,pre_pre
cosine,0.90484375,pre_pre
cosine,0.75859375,pre_pre
cosine,0.83796875,pre_pre
cosine,0.84234375,pre_pre
cosine,0.7440625,pre_pre
cosine,0.86234375,pre_pre
cosine,0.8040625,pre_pre
cosine,0.83375,pre_pre
cosine,0.85734375,pre_pre
cosine,0.8440625,pre_pre
cosine,0.86234375,pre_pre
cosine,0.81265625,pre_pre
cosine,0.8909375,pre_pre
cosine,0.86171875,pre_pre
cosine,0.9053125,pre_pre
cosine,0.86453125,pre_pre
cosine,0.788125,pre_pre
cosine,0.83296875,pre_pre
cosine,0.86625,pre_pre
cosine,0.90171875,pre_pre
cosine,0.91875,pre_pre
cosine,0.811875,pre_pre
cosine,0.87625,pre_pre
cosine,0.89671875,pre_pre
cosine,0.87625,pre_pre
cosine,0.84578125,pre_pre
cosine,0.84359375,pre_pre
cosine,0.89078125,pre_pre
cosine,0.806875,pre_pre
cosine,0.844375,pre_pre
cosine,0.88734375,pre_pre
cosine,0.8425,pre_pre
cosine,0.873125,pre_pre
cosine,0.84015625,pre_pre
cosine,0.9209375,pre_pre
cosine,0.825625,pre_pre
cosine,0.88109375,pre_pre
cosine,0.89671875,pre_pre
cosine,0.9028125,pre_pre
cosine,0.89796875,pre_pre
cosine,0.8759375,pre_pre
cosine,0.91765625,pre_pre
cosine,0.9034375,pre_pre
cosine,0.875625,pre_pre
cosine,0.89234375,pre_pre
cosine,0.8046875,pre_pre
cosine,0.89890625,pre_pre
cosine,0.8775,pre_pre
cosine,0.856875,pre_pre
cosine,0.910625,pre_pre
cosine,0.89546875,pre_pre
cosine,0.86625,pre_pre
cosine,0.851875,pre_pre
cosine,0.86078125,pre_pre
cosine,0.803125,pre_pre
cosine,0.8828125,pre_pre
cosine,0.8796875,pre_pre
cosine,0.81109375,pre_pre
cosine,0.85171875,pre_pre
cosine,0.7546875,pre_pre
cosine,0.85953125,pre_pre
cosine,0.8540625,pre_pre
cosine,0.78125,pre_pre
cosine,0.90578125,pre_pre
cosine,0.804375,pre_pre
cosine,0.8828125,pre_pre
cosine,0.88515625,pre_pre
cosine,0.880625,pre_pre
cosine,0.8740625,pre_pre
cosine,0.3634375,pre_norm
cosine,0.3590625,pre_norm
cosine,0.3546875,pre_norm
cosine,0.35828125,pre_norm
cosine,0.3521875,pre_norm
cosine,0.36,pre_norm
cosine,0.3625,pre_norm
cosine,0.36828125,pre_norm
cosine,0.3503125,pre_norm
cosine,0.3578125,pre_norm
cosine,0.3621875,pre_norm
cosine,0.3628125,pre_norm
cosine,0.3471875,pre_norm
cosine,0.35375,pre_norm
cosine,0.3565625,pre_norm
cosine,0.35375,pre_norm
cosine,0.35734375,pre_norm
cosine,0.3653125,pre_norm
cosine,0.35296875,pre_norm
cosine,0.35953125,pre_norm
cosine,0.3546875,pre_norm
cosine,0.3559375,pre_norm
cosine,0.34828125,pre_norm
cosine,0.36671875,pre_norm
cosine,0.35609375,pre_norm
cosine,0.35234375,pre_norm
cosine,0.35421875,pre_norm
cosine,0.3528125,pre_norm
cosine,0.3584375,pre_norm
cosine,0.36328125,pre_norm
cosine,0.3590625,pre_norm
cosine,0.3615625,pre_norm
cosine,0.3540625,pre_norm
cosine,0.35421875,pre_norm
cosine,0.34640625,pre_norm
cosine,0.34859375,pre_norm
cosine,0.36828125,pre_norm
cosine,0.3528125,pre_norm
cosine,0.3621875,pre_norm
cosine,0.35984375,pre_norm
cosine,0.35046875,pre_norm
cosine,0.3521875,pre_norm
cosine,0.3625,pre_norm
cosine,0.3528125,pre_norm
cosine,0.348125,pre_norm
cosine,0.35515625,pre_norm
cosine,0.3525,pre_norm
cosine,0.36375,pre_norm
cosine,0.34734375,pre_norm
cosine,0.3603125,pre_norm
cosine,0.3553125,pre_norm
cosine,0.3628125,pre_norm
cosine,0.35828125,pre_norm
cosine,0.35546875,pre_norm
cosine,0.36234375,pre_norm
cosine,0.3575,pre_norm
cosine,0.36265625,pre_norm
cosine,0.36328125,pre_norm
cosine,0.3603125,pre_norm
cosine,0.3675,pre_norm
cosine,0.356875,pre_norm
cosine,0.35796875,pre_norm
cosine,0.3475,pre_norm
cosine,0.363125,pre_norm
cosine,0.37546875,pre_norm
cosine,0.36109375,pre_norm
cosine,0.36140625,pre_norm
cosine,0.365625,pre_norm
cosine,0.35296875,pre_norm
cosine,0.3553125,pre_norm
cosine,0.35109375,pre_norm
cosine,0.3515625,pre_norm
cosine,0.35515625,pre_norm
cosine,0.3534375,pre_norm
cosine,0.3596875,pre_norm
cosine,0.34921875,pre_norm
cosine,0.360625,pre_norm
cosine,0.3571875,pre_norm
cosine,0.35375,pre_norm
cosine,0.36453125,pre_norm
cosine,0.3546875,pre_norm
cosine,0.36,pre_norm
cosine,0.3484375,pre_norm
cosine,0.356875,pre_norm
cosine,0.35609375,pre_norm
cosine,0.3475,pre_norm
cosine,0.3584375,pre_norm
cosine,0.34828125,pre_norm
cosine,0.35875,pre_norm
cosine,0.3621875,pre_norm
cosine,0.36453125,pre_norm
cosine,0.35765625,pre_norm
cosine,0.35078125,pre_norm
cosine,0.366875,pre_norm
cosine,0.36203125,pre_norm
cosine,0.3540625,pre_norm
cosine,0.35890625,pre_norm
cosine,0.35890625,pre_norm
cosine,0.35765625,pre_norm
cosine,0.34375,pre_norm
cosine,0.066875,pre_cor
cosine,0.06984375,pre_cor
cosine,0.06265625,pre_cor
cosine,0.06625,pre_cor
cosine,0.06265625,pre_cor
cosine,0.06328125,pre_cor
cosine,0.06859375,pre_cor
cosine,0.06390625,pre_cor
cosine,0.06359375,pre_cor
cosine,0.0634375,pre_cor
cosine,0.0628125,pre_cor
cosine,0.0684375,pre_cor
cosine,0.06265625,pre_cor
cosine,0.06890625,pre_cor
cosine,0.06328125,pre_cor
cosine,0.07,pre_cor
cosine,0.06609375,pre_cor
cosine,0.06265625,pre_cor
cosine,0.0634375,pre_cor
cosine,0.06375,pre_cor
cosine,0.06609375,pre_cor
cosine,0.06859375,pre_cor
cosine,0.06484375,pre_cor
cosine,0.0634375,pre_cor
cosine,0.06515625,pre_cor
cosine,0.06890625,pre_cor
cosine,0.06421875,pre_cor
cosine,0.065,pre_cor
cosine,0.06328125,pre_cor
cosine,0.06859375,pre_cor
cosine,0.07109375,pre_cor
cosine,0.06328125,pre_cor
cosine,0.06703125,pre_cor
cosine,0.06734375,pre_cor
cosine,0.06671875,pre_cor
cosine,0.0634375,pre_cor
cosine,0.0653125,pre_cor
cosine,0.06640625,pre_cor
cosine,0.06265625,pre_cor
cosine,0.06671875,pre_cor
cosine,0.06625,pre_cor
cosine,0.0671875,pre_cor
cosine,0.0628125,pre_cor
cosine,0.06734375,pre_cor
cosine,0.06765625,pre_cor
cosine,0.06421875,pre_cor
cosine,0.06734375,pre_cor
cosine,0.06578125,pre_cor
cosine,0.06390625,pre_cor
cosine,0.065,pre_cor
cosine,0.06859375,pre_cor
cosine,0.06359375,pre_cor
cosine,0.0646875,pre_cor
cosine,0.06265625,pre_cor
cosine,0.0665625,pre_cor
cosine,0.06421875,pre_cor
cosine,0.06265625,pre_cor
cosine,0.06265625,pre_cor
cosine,0.06265625,pre_cor
cosine,0.06359375,pre_cor
cosine,0.06921875,pre_cor
cosine,0.06609375,pre_cor
cosine,0.0684375,pre_cor
cosine,0.06484375,pre_cor
cosine,0.069375,pre_cor
cosine,0.06640625,pre_cor
cosine,0.063125,pre_cor
cosine,0.06296875,pre_cor
cosine,0.065625,pre_cor
cosine,0.0659375,pre_cor
cosine,0.06265625,pre_cor
cosine,0.0625,pre_cor
cosine,0.07046875,pre_cor
cosine,0.06625,pre_cor
cosine,0.06265625,pre_cor
cosine,0.06375,pre_cor
cosine,0.0665625,pre_cor
cosine,0.06265625,pre_cor
cosine,0.0653125,pre_cor
cosine,0.06296875,pre_cor
cosine,0.06359375,pre_cor
cosine,0.06421875,pre_cor
cosine,0.06359375,pre_cor
cosine,0.065,pre_cor
cosine,0.0634375,pre_cor
cosine,0.07359375,pre_cor
cosine,0.06328125,pre_cor
cosine,0.06421875,pre_cor
cosine,0.0659375,pre_cor
cosine,0.0634375,pre_cor
cosine,0.06390625,pre_cor
cosine,0.0671875,pre_cor
cosine,0.064375,pre_cor
cosine,0.06421875,pre_cor
cosine,0.06453125,pre_cor
cosine,0.06515625,pre_cor
cosine,0.06875,pre_cor
cosine,0.06734375,pre_cor
cosine,0.06359375,pre_cor
cosine,0.0671875,pre_cor
cosine,0.56953125,norm_pre
cosine,0.53015625,norm_pre
cosine,0.61203125,norm_pre
cosine,0.78640625,norm_pre
cosine,0.67609375,norm_pre
cosine,0.405625,norm_pre
cosine,0.606875,norm_pre
cosine,0.56015625,norm_pre
cosine,0.57046875,norm_pre
cosine,0.5315625,norm_pre
cosine,0.778125,norm_pre
cosine,0.54734375,norm_pre
cosine,0.60609375,norm_pre
cosine,0.54015625,norm_pre
cosine,0.541875,norm_pre
cosine,0.63875,norm_pre
cosine,0.76140625,norm_pre
cosine,0.74015625,norm_pre
cosine,0.51296875,norm_pre
cosine,0.70859375,norm_pre
cosine,0.68484375,norm_pre
cosine,0.62625,norm_pre
cosine,0.515,norm_pre
cosine,0.54875,norm_pre
cosine,0.7096875,norm_pre
cosine,0.69796875,norm_pre
cosine,0.57125,norm_pre
cosine,0.50421875,norm_pre
cosine,0.72265625,norm_pre
cosine,0.86046875,norm_pre
cosine,0.6084375,norm_pre
cosine,0.67390625,norm_pre
cosine,0.503125,norm_pre
cosine,0.5821875,norm_pre
cosine,0.5646875,norm_pre
cosine,0.51359375,norm_pre
cosine,0.755,norm_pre
cosine,0.705625,norm_pre
cosine,0.604375,norm_pre
cosine,0.59125,norm_pre
cosine,0.55890625,norm_pre
cosine,0.8234375,norm_pre
cosine,0.59875,norm_pre
cosine,0.716875,norm_pre
cosine,0.6184375,norm_pre
cosine,0.54953125,norm_pre
cosine,0.73515625,norm_pre
cosine,0.51109375,norm_pre
cosine,0.42109375,norm_pre
cosine,0.5259375,norm_pre
cosine,0.52421875,norm_pre
cosine,0.80453125,norm_pre
cosine,0.5240625,norm_pre
cosine,0.73234375,norm_pre
cosine,0.7765625,norm_pre
cosine,0.67375,norm_pre
cosine,0.53375,norm_pre
cosine,0.68859375,norm_pre
cosine,0.68125,norm_pre
cosine,0.54390625,norm_pre
cosine,0.61796875,norm_pre
cosine,0.775625,norm_pre
cosine,0.5115625,norm_pre
cosine,0.50015625,norm_pre
cosine,0.6853125,norm_pre
cosine,0.7778125,norm_pre
cosine,0.66125,norm_pre
cosine,0.70109375,norm_pre
cosine,0.6903125,norm_pre
cosine,0.67859375,norm_pre
cosine,0.51109375,norm_pre
cosine,0.73546875,norm_pre
cosine,0.70125,norm_pre
cosine,0.75328125,norm_pre
cosine,0.6384375,norm_pre
cosine,0.6821875,norm_pre
cosine,0.49421875,norm_pre
cosine,0.75765625,norm_pre
cosine,0.82875,norm_pre
cosine,0.62546875,norm_pre
cosine,0.64609375,norm_pre
cosine,0.7871875,norm_pre
cosine,0.5328125,norm_pre
cosine,0.73984375,norm_pre
cosine,0.50203125,norm_pre
cosine,0.5603125,norm_pre
cosine,0.6740625,norm_pre
cosine,0.58359375,norm_pre
cosine,0.59328125,norm_pre
cosine,0.53734375,norm_pre
cosine,0.56859375,norm_pre
cosine,0.7634375,norm_pre
cosine,0.4290625,norm_pre
cosine,0.56265625,norm_pre
cosine,0.7709375,norm_pre
cosine,0.68296875,norm_pre
cosine,0.4771875,norm_pre
cosine,0.3753125,norm_pre
cosine,0.588125,norm_pre
cosine,0.64796875,norm_pre
cosine,0.7565625,norm_norm
cosine,0.77125,norm_norm
cosine,0.76515625,norm_norm
cosine,0.763125,norm_norm
cosine,0.74875,norm_norm
cosine,0.75484375,norm_norm
cosine,0.7475,norm_norm
cosine,0.74984375,norm_norm
cosine,0.75953125,norm_norm
cosine,0.7615625,norm_norm
cosine,0.7775,norm_norm
cosine,0.77328125,norm_norm
cosine,0.7625,norm_norm
cosine,0.7590625,norm_norm
cosine,0.761875,norm_norm
cosine,0.7609375,norm_norm
cosine,0.77421875,norm_norm
cosine,0.76390625,norm_norm
cosine,0.74546875,norm_norm
cosine,0.77421875,norm_norm
cosine,0.7553125,norm_norm
cosine,0.75171875,norm_norm
cosine,0.765,norm_norm
cosine,0.7534375,norm_norm
cosine,0.7753125,norm_norm
cosine,0.76953125,norm_norm
cosine,0.75640625,norm_norm
cosine,0.75625,norm_norm
cosine,0.7515625,norm_norm
cosine,0.756875,norm_norm
cosine,0.746875,norm_norm
cosine,0.75703125,norm_norm
cosine,0.7559375,norm_norm
cosine,0.74390625,norm_norm
cosine,0.76,norm_norm
cosine,0.764375,norm_norm
cosine,0.778125,norm_norm
cosine,0.74875,norm_norm
cosine,0.76140625,norm_norm
cosine,0.75421875,norm_norm
cosine,0.7621875,norm_norm
cosine,0.76375,norm_norm
cosine,0.76390625,norm_norm
cosine,0.77796875,norm_norm
cosine,0.75953125,norm_norm
cosine,0.74359375,norm_norm
cosine,0.76640625,norm_norm
cosine,0.759375,norm_norm
cosine,0.74828125,norm_norm
cosine,0.7659375,norm_norm
cosine,0.776875,norm_norm
cosine,0.75546875,norm_norm
cosine,0.765625,norm_norm
cosine,0.76421875,norm_norm
cosine,0.77078125,norm_norm
cosine,0.76421875,norm_norm
cosine,0.7675,norm_norm
cosine,0.7628125,norm_norm
cosine,0.76453125,norm_norm
cosine,0.75109375,norm_norm
cosine,0.75140625,norm_norm
cosine,0.7584375,norm_norm
cosine,0.7603125,norm_norm
cosine,0.76796875,norm_norm
cosine,0.770625,norm_norm
cosine,0.78234375,norm_norm
cosine,0.77609375,norm_norm
cosine,0.76296875,norm_norm
cosine,0.76125,norm_norm
cosine,0.755,norm_norm
cosine,0.766875,norm_norm
cosine,0.769375,norm_norm
cosine,0.75671875,norm_norm
cosine,0.76875,norm_norm
cosine,0.75734375,norm_norm
cosine,0.76796875,norm_norm
cosine,0.76078125,norm_norm
cosine,0.755625,norm_norm
cosine,0.768125,norm_norm
cosine,0.76703125,norm_norm
cosine,0.7678125,norm_norm
cosine,0.761875,norm_norm
cosine,0.74875,norm_norm
cosine,0.7728125,norm_norm
cosine,0.75078125,norm_norm
cosine,0.7525,norm_norm
cosine,0.76109375,norm_norm
cosine,0.7621875,norm_norm
cosine,0.76671875,norm_norm
cosine,0.74671875,norm_norm
cosine,0.766875,norm_norm
cosine,0.7571875,norm_norm
cosine,0.76796875,norm_norm
cosine,0.75078125,norm_norm
cosine,0.7621875,norm_norm
cosine,0.7690625,norm_norm
cosine,0.74078125,norm_norm
cosine,0.76921875,norm_norm
cosine,0.75734375,norm_norm
cosine,0.75328125,norm_norm
cosine,0.3103125,norm_cor
cosine,0.28671875,norm_cor
cosine,0.30296875,norm_cor
cosine,0.3103125,norm_cor
cosine,0.30796875,norm_cor
cosine,0.301875,norm_cor
cosine,0.3134375,norm_cor
cosine,0.31234375,norm_cor
cosine,0.31234375,norm_cor
cosine,0.2340625,norm_cor
cosine,0.22078125,norm_cor
cosine,0.31140625,norm_cor
cosine,0.31015625,norm_cor
cosine,0.3109375,norm_cor
cosine,0.303125,norm_cor
cosine,0.3121875,norm_cor
cosine,0.24078125,norm_cor
cosine,0.3025,norm_cor
cosine,0.30875,norm_cor
cosine,0.31734375,norm_cor
cosine,0.31171875,norm_cor
cosine,0.310625,norm_cor
cosine,0.30953125,norm_cor
cosine,0.31015625,norm_cor
cosine,0.30296875,norm_cor
cosine,0.32421875,norm_cor
cosine,0.3121875,norm_cor
cosine,0.3121875,norm_cor
cosine,0.23015625,norm_cor
cosine,0.30546875,norm_cor
cosine,0.3153125,norm_cor
cosine,0.31015625,norm_cor
cosine,0.31078125,norm_cor
cosine,0.310625,norm_cor
cosine,0.3303125,norm_cor
cosine,0.295625,norm_cor
cosine,0.30265625,norm_cor
cosine,0.31140625,norm_cor
cosine,0.286875,norm_cor
cosine,0.30953125,norm_cor
cosine,0.30984375,norm_cor
cosine,0.311875,norm_cor
cosine,0.21578125,norm_cor
cosine,0.315625,norm_cor
cosine,0.23875,norm_cor
cosine,0.291875,norm_cor
cosine,0.3215625,norm_cor
cosine,0.31265625,norm_cor
cosine,0.30703125,norm_cor
cosine,0.2590625,norm_cor
cosine,0.3084375,norm_cor
cosine,0.2928125,norm_cor
cosine,0.31359375,norm_cor
cosine,0.30875,norm_cor
cosine,0.25375,norm_cor
cosine,0.3075,norm_cor
cosine,0.2859375,norm_cor
cosine,0.15828125,norm_cor
cosine,0.3084375,norm_cor
cosine,0.32546875,norm_cor
cosine,0.3103125,norm_cor
cosine,0.3103125,norm_cor
cosine,0.2809375,norm_cor
cosine,0.311875,norm_cor
cosine,0.3034375,norm_cor
cosine,0.313125,norm_cor
cosine,0.29921875,norm_cor
cosine,0.324375,norm_cor
cosine,0.22765625,norm_cor
cosine,0.3121875,norm_cor
cosine,0.29921875,norm_cor
cosine,0.0715625,norm_cor
cosine,0.32703125,norm_cor
cosine,0.251875,norm_cor
cosine,0.3109375,norm_cor
cosine,0.30203125,norm_cor
cosine,0.3103125,norm_cor
cosine,0.30875,norm_cor
cosine,0.32828125,norm_cor
cosine,0.17796875,norm_cor
cosine,0.291875,norm_cor
cosine,0.31078125,norm_cor
cosine,0.28671875,norm_cor
cosine,0.2759375,norm_cor
cosine,0.3103125,norm_cor
cosine,0.31078125,norm_cor
cosine,0.3265625,norm_cor
cosine,0.16578125,norm_cor
cosine,0.31203125,norm_cor
cosine,0.23171875,norm_cor
cosine,0.3221875,norm_cor
cosine,0.30078125,norm_cor
cosine,0.311875,norm_cor
cosine,0.2653125,norm_cor
cosine,0.329375,norm_cor
cosine,0.2896875,norm_cor
cosine,0.28015625,norm_cor
cosine,0.311875,norm_cor
cosine,0.311875,norm_cor
cosine,0.29984375,norm_cor
cosine,0.23609375,cor_pre
cosine,0.23875,cor_pre
cosine,0.22046875,cor_pre
cosine,0.33328125,cor_pre
cosine,0.2440625,cor_pre
cosine,0.2590625,cor_pre
cosine,0.17734375,cor_pre
cosine,0.3128125,cor_pre
cosine,0.2721875,cor_pre
cosine,0.29953125,cor_pre
cosine,0.30609375,cor_pre
cosine,0.300625,cor_pre
cosine,0.30640625,cor_pre
cosine,0.31140625,cor_pre
cosine,0.3115625,cor_pre
cosine,0.2759375,cor_pre
cosine,0.3453125,cor_pre
cosine,0.3184375,cor_pre
cosine,0.32390625,cor_pre
cosine,0.29265625,cor_pre
cosine,0.18578125,cor_pre
cosine,0.3109375,cor_pre
cosine,0.3103125,cor_pre
cosine,0.305625,cor_pre
cosine,0.27265625,cor_pre
cosine,0.30859375,cor_pre
cosine,0.17453125,cor_pre
cosine,0.30890625,cor_pre
cosine,0.223125,cor_pre
cosine,0.35625,cor_pre
cosine,0.2653125,cor_pre
cosine,0.27359375,cor_pre
cosine,0.29046875,cor_pre
cosine,0.27671875,cor_pre
cosine,0.22796875,cor_pre
cosine,0.381875,cor_pre
cosine,0.268125,cor_pre
cosine,0.19703125,cor_pre
cosine,0.315625,cor_pre
cosine,0.29859375,cor_pre
cosine,0.30109375,cor_pre
cosine,0.35125,cor_pre
cosine,0.27140625,cor_pre
cosine,0.385,cor_pre
cosine,0.21078125,cor_pre
cosine,0.2740625,cor_pre
cosine,0.23546875,cor_pre
cosine,0.20546875,cor_pre
cosine,0.27875,cor_pre
cosine,0.308125,cor_pre
cosine,0.25421875,cor_pre
cosine,0.3428125,cor_pre
cosine,0.24875,cor_pre
cosine,0.27515625,cor_pre
cosine,0.346875,cor_pre
cosine,0.26171875,cor_pre
cosine,0.25078125,cor_pre
cosine,0.2709375,cor_pre
cosine,0.245,cor_pre
cosine,0.2921875,cor_pre
cosine,0.16453125,cor_pre
cosine,0.23953125,cor_pre
cosine,0.2953125,cor_pre
cosine,0.215,cor_pre
cosine,0.17265625,cor_pre
cosine,0.41609375,cor_pre
cosine,0.22234375,cor_pre
cosine,0.23703125,cor_pre
cosine,0.22828125,cor_pre
cosine,0.38703125,cor_pre
cosine,0.25109375,cor_pre
cosine,0.28796875,cor_pre
cosine,0.2140625,cor_pre
cosine,0.35921875,cor_pre
cosine,0.30703125,cor_pre
cosine,0.3046875,cor_pre
cosine,0.20734375,cor_pre
cosine,0.28890625,cor_pre
cosine,0.3853125,cor_pre
cosine,0.25875,cor_pre
cosine,0.2915625,cor_pre
cosine,0.19640625,cor_pre
cosine,0.20765625,cor_pre
cosine,0.30953125,cor_pre
cosine,0.3090625,cor_pre
cosine,0.29734375,cor_pre
cosine,0.23671875,cor_pre
cosine,0.30890625,cor_pre
cosine,0.29703125,cor_pre
cosine,0.29875,cor_pre
cosine,0.19546875,cor_pre
cosine,0.36,cor_pre
cosine,0.23484375,cor_pre
cosine,0.27953125,cor_pre
cosine,0.213125,cor_pre
cosine,0.31921875,cor_pre
cosine,0.30265625,cor_pre
cosine,0.21828125,cor_pre
cosine,0.19125,cor_pre
cosine,0.2684375,cor_pre
cosine,0.30171875,cor_norm
cosine,0.30375,cor_norm
cosine,0.31171875,cor_norm
cosine,0.2984375,cor_norm
cosine,0.28265625,cor_norm
cosine,0.301875,cor_norm
cosine,0.30703125,cor_norm
cosine,0.29734375,cor_norm
cosine,0.31484375,cor_norm
cosine,0.30484375,cor_norm
cosine,0.30828125,cor_norm
cosine,0.295625,cor_norm
cosine,0.30140625,cor_norm
cosine,0.29328125,cor_norm
cosine,0.30390625,cor_norm
cosine,0.2815625,cor_norm
cosine,0.29390625,cor_norm
cosine,0.2996875,cor_norm
cosine,0.29609375,cor_norm
cosine,0.28875,cor_norm
cosine,0.30125,cor_norm
cosine,0.2884375,cor_norm
cosine,0.28578125,cor_norm
cosine,0.29359375,cor_norm
cosine,0.3028125,cor_norm
cosine,0.30546875,cor_norm
cosine,0.2928125,cor_norm
cosine,0.29453125,cor_norm
cosine,0.3003125,cor_norm
cosine,0.2928125,cor_norm
cosine,0.30546875,cor_norm
cosine,0.300625,cor_norm
cosine,0.2934375,cor_norm
cosine,0.296875,cor_norm
cosine,0.30234375,cor_norm
cosine,0.28765625,cor_norm
cosine,0.29484375,cor_norm
cosine,0.29875,cor_norm
cosine,0.2915625,cor_norm
cosine,0.29640625,cor_norm
cosine,0.29875,cor_norm
cosine,0.30609375,cor_norm
cosine,0.3034375,cor_norm
cosine,0.29265625,cor_norm
cosine,0.30765625,cor_norm
cosine,0.30109375,cor_norm
cosine,0.28453125,cor_norm
cosine,0.31609375,cor_norm
cosine,0.2909375,cor_norm
cosine,0.28859375,cor_norm
cosine,0.31265625,cor_norm
cosine,0.294375,cor_norm
cosine,0.299375,cor_norm
cosine,0.3075,cor_norm
cosine,0.30109375,cor_norm
cosine,0.2928125,cor_norm
cosine,0.31078125,cor_norm
cosine,0.2940625,cor_norm
cosine,0.3078125,cor_norm
cosine,0.29609375,cor_norm
cosine,0.30078125,cor_norm
cosine,0.29328125,cor_norm
cosine,0.2903125,cor_norm
cosine,0.30125,cor_norm
cosine,0.30328125,cor_norm
cosine,0.27859375,cor_norm
cosine,0.2921875,cor_norm
cosine,0.3084375,cor_norm
cosine,0.29671875,cor_norm
cosine,0.29015625,cor_norm
cosine,0.2909375,cor_norm
cosine,0.2953125,cor_norm
cosine,0.308125,cor_norm
cosine,0.2953125,cor_norm
cosine,0.3025,cor_norm
cosine,0.3009375,cor_norm
cosine,0.28890625,cor_norm
cosine,0.3015625,cor_norm
cosine,0.27828125,cor_norm
cosine,0.30546875,cor_norm
cosine,0.30375,cor_norm
cosine,0.29734375,cor_norm
cosine,0.29734375,cor_norm
cosine,0.30296875,cor_norm
cosine,0.29796875,cor_norm
cosine,0.2990625,cor_norm
cosine,0.29546875,cor_norm
cosine,0.2946875,cor_norm
cosine,0.2978125,cor_norm
cosine,0.3028125,cor_norm
cosine,0.30171875,cor_norm
cosine,0.2865625,cor_norm
cosine,0.2965625,cor_norm
cosine,0.29546875,cor_norm
cosine,0.303125,cor_norm
cosine,0.30484375,cor_norm
cosine,0.3,cor_norm
cosine,0.293125,cor_norm
cosine,0.3059375,cor_norm
cosine,0.31203125,cor_norm
cosine,0.29,cor_cor
cosine,0.31515625,cor_cor
cosine,0.30640625,cor_cor
cosine,0.32890625,cor_cor
cosine,0.32546875,cor_cor
cosine,0.3140625,cor_cor
cosine,0.31453125,cor_cor
cosine,0.31375,cor_cor
cosine,0.38796875,cor_cor
cosine,0.11578125,cor_cor
cosine,0.1115625,cor_cor
cosine,0.313125,cor_cor
cosine,0.10515625,cor_cor
cosine,0.339375,cor_cor
cosine,0.31375,cor_cor
cosine,0.31390625,cor_cor
cosine,0.31328125,cor_cor
cosine,0.31140625,cor_cor
cosine,0.34671875,cor_cor
cosine,0.31609375,cor_cor
cosine,0.3140625,cor_cor
cosine,0.3140625,cor_cor
cosine,0.1715625,cor_cor
cosine,0.28484375,cor_cor
cosine,0.31484375,cor_cor
cosine,0.33359375,cor_cor
cosine,0.30796875,cor_cor
cosine,0.31375,cor_cor
cosine,0.3059375,cor_cor
cosine,0.293125,cor_cor
cosine,0.313125,cor_cor
cosine,0.34671875,cor_cor
cosine,0.31390625,cor_cor
cosine,0.33203125,cor_cor
cosine,0.31390625,cor_cor
cosine,0.31375,cor_cor
cosine,0.3521875,cor_cor
cosine,0.31359375,cor_cor
cosine,0.314375,cor_cor
cosine,0.31359375,cor_cor
cosine,0.298125,cor_cor
cosine,0.288125,cor_cor
cosine,0.335,cor_cor
cosine,0.31390625,cor_cor
cosine,0.33328125,cor_cor
cosine,0.31375,cor_cor
cosine,0.31375,cor_cor
cosine,0.39125,cor_cor
cosine,0.31546875,cor_cor
cosine,0.381875,cor_cor
cosine,0.3134375,cor_cor
cosine,0.3165625,cor_cor
cosine,0.31359375,cor_cor
cosine,0.32625,cor_cor
cosine,0.2921875,cor_cor
cosine,0.3025,cor_cor
cosine,0.30921875,cor_cor
cosine,0.2321875,cor_cor
cosine,0.3146875,cor_cor
cosine,0.360625,cor_cor
cosine,0.3125,cor_cor
cosine,0.3153125,cor_cor
cosine,0.3365625,cor_cor
cosine,0.3153125,cor_cor
cosine,0.32859375,cor_cor
cosine,0.38375,cor_cor
cosine,0.34671875,cor_cor
cosine,0.13984375,cor_cor
cosine,0.31484375,cor_cor
cosine,0.31375,cor_cor
cosine,0.3140625,cor_cor
cosine,0.30765625,cor_cor
cosine,0.315,cor_cor
cosine,0.31484375,cor_cor
cosine,0.34109375,cor_cor
cosine,0.31375,cor_cor
cosine,0.3140625,cor_cor
cosine,0.31140625,cor_cor
cosine,0.31484375,cor_cor
cosine,0.10640625,cor_cor
cosine,0.318125,cor_cor
cosine,0.31390625,cor_cor
cosine,0.2646875,cor_cor
cosine,0.30625,cor_cor
cosine,0.31640625,cor_cor
cosine,0.3165625,cor_cor
cosine,0.33234375,cor_cor
cosine,0.31484375,cor_cor
cosine,0.325625,cor_cor
cosine,0.31328125,cor_cor
cosine,0.23734375,cor_cor
cosine,0.31421875,cor_cor
cosine,0.31359375,cor_cor
cosine,0.3525,cor_cor
cosine,0.31546875,cor_cor
cosine,0.3134375,cor_cor
cosine,0.3134375,cor_cor
cosine,0.3140625,cor_cor
cosine,0.3209375,cor_cor
cosine,0.3434375,cor_cor
pearson,0.82234375,pre_pre
pearson,0.73203125,pre_pre
pearson,0.8175,pre_pre
pearson,0.86203125,pre_pre
pearson,0.78875,pre_pre
pearson,0.76546875,pre_pre
pearson,0.769375,pre_pre
pearson,0.815,pre_pre
pearson,0.84609375,pre_pre
pearson,0.750625,pre_pre
pearson,0.84671875,pre_pre
pearson,0.81359375,pre_pre
pearson,0.8103125,pre_pre
pearson,0.78359375,pre_pre
pearson,0.78078125,pre_pre
pearson,0.8290625,pre_pre
pearson,0.820625,pre_pre
pearson,0.83578125,pre_pre
pearson,0.78234375,pre_pre
pearson,0.85125,pre_pre
pearson,0.8109375,pre_pre
pearson,0.85125,pre_pre
pearson,0.8065625,pre_pre
pearson,0.80359375,pre_pre
pearson,0.8228125,pre_pre
pearson,0.84515625,pre_pre
pearson,0.76234375,pre_pre
pearson,0.8046875,pre_pre
pearson,0.77359375,pre_pre
pearson,0.858125,pre_pre
pearson,0.8475,pre_pre
pearson,0.86546875,pre_pre
pearson,0.7203125,pre_pre
pearson,0.7828125,pre_pre
pearson,0.795625,pre_pre
pearson,0.6890625,pre_pre
pearson,0.8190625,pre_pre
pearson,0.75984375,pre_pre
pearson,0.78234375,pre_pre
pearson,0.8078125,pre_pre
pearson,0.79296875,pre_pre
pearson,0.82578125,pre_pre
pearson,0.76109375,pre_pre
pearson,0.865625,pre_pre
pearson,0.81796875,pre_pre
pearson,0.86671875,pre_pre
pearson,0.81734375,pre_pre
pearson,0.74640625,pre_pre
pearson,0.78796875,pre_pre
pearson,0.8325,pre_pre
pearson,0.8525,pre_pre
pearson,0.86328125,pre_pre
pearson,0.76984375,pre_pre
pearson,0.82890625,pre_pre
pearson,0.8475,pre_pre
pearson,0.83796875,pre_pre
pearson,0.8,pre_pre
pearson,0.8128125,pre_pre
pearson,0.851875,pre_pre
pearson,0.7678125,pre_pre
pearson,0.79484375,pre_pre
pearson,0.84453125,pre_pre
pearson,0.80609375,pre_pre
pearson,0.82453125,pre_pre
pearson,0.81375,pre_pre
pearson,0.8596875,pre_pre
pearson,0.7928125,pre_pre
pearson,0.83359375,pre_pre
pearson,0.84609375,pre_pre
pearson,0.85015625,pre_pre
pearson,0.8609375,pre_pre
pearson,0.8140625,pre_pre
pearson,0.864375,pre_pre
pearson,0.85109375,pre_pre
pearson,0.82921875,pre_pre
pearson,0.855,pre_pre
pearson,0.75640625,pre_pre
pearson,0.8478125,pre_pre
pearson,0.86140625,pre_pre
pearson,0.8009375,pre_pre
pearson,0.855,pre_pre
pearson,0.843125,pre_pre
pearson,0.8228125,pre_pre
pearson,0.78109375,pre_pre
pearson,0.80484375,pre_pre
pearson,0.75046875,pre_pre
pearson,0.83609375,pre_pre
pearson,0.84640625,pre_pre
pearson,0.78078125,pre_pre
pearson,0.7903125,pre_pre
pearson,0.72921875,pre_pre
pearson,0.81890625,pre_pre
pearson,0.82296875,pre_pre
pearson,0.71734375,pre_pre
pearson,0.86203125,pre_pre
pearson,0.78796875,pre_pre
pearson,0.8303125,pre_pre
pearson,0.84734375,pre_pre
pearson,0.84671875,pre_pre
pearson,0.8309375,pre_pre
pearson,0.4225,pre_norm
pearson,0.43265625,pre_norm
pearson,0.4275,pre_norm
pearson,0.43203125,pre_norm
pearson,0.4178125,pre_norm
pearson,0.43265625,pre_norm
pearson,0.41953125,pre_norm
pearson,0.42984375,pre_norm
pearson,0.4265625,pre_norm
pearson,0.42578125,pre_norm
pearson,0.42171875,pre_norm
pearson,0.429375,pre_norm
pearson,0.424375,pre_norm
pearson,0.42625,pre_norm
pearson,0.41640625,pre_norm
pearson,0.4221875,pre_norm
pearson,0.42203125,pre_norm
pearson,0.4240625,pre_norm
pearson,0.418125,pre_norm
pearson,0.43640625,pre_norm
pearson,0.4234375,pre_norm
pearson,0.4159375,pre_norm
pearson,0.40875,pre_norm
pearson,0.4375,pre_norm
pearson,0.43484375,pre_norm
pearson,0.42515625,pre_norm
pearson,0.4315625,pre_norm
pearson,0.42203125,pre_norm
pearson,0.4253125,pre_norm
pearson,0.4290625,pre_norm
pearson,0.4171875,pre_norm
pearson,0.42828125,pre_norm
pearson,0.420625,pre_norm
pearson,0.411875,pre_norm
pearson,0.41484375,pre_norm
pearson,0.41640625,pre_norm
pearson,0.44125,pre_norm
pearson,0.42078125,pre_norm
pearson,0.43359375,pre_norm
pearson,0.429375,pre_norm
pearson,0.42,pre_norm
pearson,0.42640625,pre_norm
pearson,0.42515625,pre_norm
pearson,0.42765625,pre_norm
pearson,0.42328125,pre_norm
pearson,0.41828125,pre_norm
pearson,0.4340625,pre_norm
pearson,0.4421875,pre_norm
pearson,0.41328125,pre_norm
pearson,0.43421875,pre_norm
pearson,0.42390625,pre_norm
pearson,0.42296875,pre_norm
pearson,0.42953125,pre_norm
pearson,0.41984375,pre_norm
pearson,0.42859375,pre_norm
pearson,0.4134375,pre_norm
pearson,0.43171875,pre_norm
pearson,0.43515625,pre_norm
pearson,0.415625,pre_norm
pearson,0.43390625,pre_norm
pearson,0.41578125,pre_norm
pearson,0.42890625,pre_norm
pearson,0.41703125,pre_norm
pearson,0.414375,pre_norm
pearson,0.445625,pre_norm
pearson,0.4321875,pre_norm
pearson,0.43453125,pre_norm
pearson,0.4353125,pre_norm
pearson,0.4121875,pre_norm
pearson,0.423125,pre_norm
pearson,0.42421875,pre_norm
pearson,0.42375,pre_norm
pearson,0.42,pre_norm
pearson,0.429375,pre_norm
pearson,0.42703125,pre_norm
pearson,0.420625,pre_norm
pearson,0.42203125,pre_norm
pearson,0.42078125,pre_norm
pearson,0.42984375,pre_norm
pearson,0.42453125,pre_norm
pearson,0.42109375,pre_norm
pearson,0.41125,pre_norm
pearson,0.4103125,pre_norm
pearson,0.42375,pre_norm
pearson,0.4175,pre_norm
pearson,0.41609375,pre_norm
pearson,0.4240625,pre_norm
pearson,0.42578125,pre_norm
pearson,0.42453125,pre_norm
pearson,0.418125,pre_norm
pearson,0.43484375,pre_norm
pearson,0.435,pre_norm
pearson,0.42859375,pre_norm
pearson,0.4290625,pre_norm
pearson,0.419375,pre_norm
pearson,0.42859375,pre_norm
pearson,0.4303125,pre_norm
pearson,0.43328125,pre_norm
pearson,0.43171875,pre_norm
pearson,0.4175,pre_norm
pearson,0.32359375,pre_cor
pearson,0.3290625,pre_cor
pearson,0.3128125,pre_cor
pearson,0.3125,pre_cor
pearson,0.3325,pre_cor
pearson,0.31359375,pre_cor
pearson,0.32953125,pre_cor
pearson,0.315,pre_cor
pearson,0.36125,pre_cor
pearson,0.3140625,pre_cor
pearson,0.33546875,pre_cor
pearson,0.3125,pre_cor
pearson,0.3696875,pre_cor
pearson,0.30953125,pre_cor
pearson,0.3221875,pre_cor
pearson,0.33109375,pre_cor
pearson,0.32546875,pre_cor
pearson,0.3090625,pre_cor
pearson,0.29296875,pre_cor
pearson,0.32703125,pre_cor
pearson,0.31328125,pre_cor
pearson,0.32171875,pre_cor
pearson,0.31734375,pre_cor
pearson,0.293125,pre_cor
pearson,0.30625,pre_cor
pearson,0.30703125,pre_cor
pearson,0.305,pre_cor
pearson,0.3115625,pre_cor
pearson,0.3284375,pre_cor
pearson,0.3071875,pre_cor
pearson,0.31265625,pre_cor
pearson,0.32,pre_cor
pearson,0.30421875,pre_cor
pearson,0.30578125,pre_cor
pearson,0.3084375,pre_cor
pearson,0.3078125,pre_cor
pearson,0.30828125,pre_cor
pearson,0.3278125,pre_cor
pearson,0.32265625,pre_cor
pearson,0.32296875,pre_cor
pearson,0.2934375,pre_cor
pearson,0.31453125,pre_cor
pearson,0.3128125,pre_cor
pearson,0.30640625,pre_cor
pearson,0.3090625,pre_cor
pearson,0.33140625,pre_cor
pearson,0.31078125,pre_cor
pearson,0.3071875,pre_cor
pearson,0.315,pre_cor
pearson,0.34109375,pre_cor
pearson,0.31171875,pre_cor
pearson,0.30453125,pre_cor
pearson,0.32015625,pre_cor
pearson,0.308125,pre_cor
pearson,0.30796875,pre_cor
pearson,0.305,pre_cor
pearson,0.31296875,pre_cor
pearson,0.3115625,pre_cor
pearson,0.31015625,pre_cor
pearson,0.3075,pre_cor
pearson,0.30703125,pre_cor
pearson,0.3140625,pre_cor
pearson,0.31125,pre_cor
pearson,0.3275,pre_cor
pearson,0.30734375,pre_cor
pearson,0.36515625,pre_cor
pearson,0.32984375,pre_cor
pearson,0.31671875,pre_cor
pearson,0.31375,pre_cor
pearson,0.305625,pre_cor
pearson,0.3390625,pre_cor
pearson,0.26453125,pre_cor
pearson,0.30921875,pre_cor
pearson,0.30921875,pre_cor
pearson,0.3396875,pre_cor
pearson,0.33078125,pre_cor
pearson,0.3075,pre_cor
pearson,0.3334375,pre_cor
pearson,0.31234375,pre_cor
pearson,0.3703125,pre_cor
pearson,0.31640625,pre_cor
pearson,0.3071875,pre_cor
pearson,0.3125,pre_cor
pearson,0.3003125,pre_cor
pearson,0.34890625,pre_cor
pearson,0.3184375,pre_cor
pearson,0.3609375,pre_cor
pearson,0.3165625,pre_cor
pearson,0.31265625,pre_cor
pearson,0.3259375,pre_cor
pearson,0.3275,pre_cor
pearson,0.33890625,pre_cor
pearson,0.28703125,pre_cor
pearson,0.3084375,pre_cor
pearson,0.3078125,pre_cor
pearson,0.30609375,pre_cor
pearson,0.34578125,pre_cor
pearson,0.31234375,pre_cor
pearson,0.31,pre_cor
pearson,0.32015625,pre_cor
pearson,0.03,norm_pre
pearson,0.07625,norm_pre
pearson,0.08234375,norm_pre
pearson,0.05515625,norm_pre
pearson,0.0871875,norm_pre
pearson,0.03,norm_pre
pearson,0.083125,norm_pre
pearson,0.04671875,norm_pre
pearson,0.0521875,norm_pre
pearson,0.06828125,norm_pre
pearson,0.05546875,norm_pre
pearson,0.03984375,norm_pre
pearson,0.06390625,norm_pre
pearson,0.05703125,norm_pre
pearson,0.07625,norm_pre
pearson,0.05203125,norm_pre
pearson,0.079375,norm_pre
pearson,0.03921875,norm_pre
pearson,0.0403125,norm_pre
pearson,0.03203125,norm_pre
pearson,0.14828125,norm_pre
pearson,0.04421875,norm_pre
pearson,0.03078125,norm_pre
pearson,0.0309375,norm_pre
pearson,0.05890625,norm_pre
pearson,0.0740625,norm_pre
pearson,0.04171875,norm_pre
pearson,0.0396875,norm_pre
pearson,0.1221875,norm_pre
pearson,0.1953125,norm_pre
pearson,0.028125,norm_pre
pearson,0.03171875,norm_pre
pearson,0.03390625,norm_pre
pearson,0.04609375,norm_pre
pearson,0.03828125,norm_pre
pearson,0.036875,norm_pre
pearson,0.040625,norm_pre
pearson,0.04859375,norm_pre
pearson,0.0740625,norm_pre
pearson,0.04484375,norm_pre
pearson,0.05828125,norm_pre
pearson,0.0590625,norm_pre
pearson,0.13046875,norm_pre
pearson,0.03265625,norm_pre
pearson,0.0390625,norm_pre
pearson,0.03015625,norm_pre
pearson,0.0953125,norm_pre
pearson,0.03546875,norm_pre
pearson,0.0396875,norm_pre
pearson,0.033125,norm_pre
pearson,0.02625,norm_pre
pearson,0.05125,norm_pre
pearson,0.04140625,norm_pre
pearson,0.05546875,norm_pre
pearson,0.0753125,norm_pre
pearson,0.03796875,norm_pre
pearson,0.0415625,norm_pre
pearson,0.07703125,norm_pre
pearson,0.07328125,norm_pre
pearson,0.0771875,norm_pre
pearson,0.04875,norm_pre
pearson,0.066875,norm_pre
pearson,0.03890625,norm_pre
pearson,0.043125,norm_pre
pearson,0.03328125,norm_pre
pearson,0.12046875,norm_pre
pearson,0.0825,norm_pre
pearson,0.0475,norm_pre
pearson,0.0971875,norm_pre
pearson,0.03171875,norm_pre
pearson,0.03515625,norm_pre
pearson,0.05484375,norm_pre
pearson,0.0628125,norm_pre
pearson,0.040625,norm_pre
pearson,0.05703125,norm_pre
pearson,0.04390625,norm_pre
pearson,0.04265625,norm_pre
pearson,0.06,norm_pre
pearson,0.07484375,norm_pre
pearson,0.08421875,norm_pre
pearson,0.0709375,norm_pre
pearson,0.05515625,norm_pre
pearson,0.030625,norm_pre
pearson,0.0775,norm_pre
pearson,0.09109375,norm_pre
pearson,0.0371875,norm_pre
pearson,0.0296875,norm_pre
pearson,0.0315625,norm_pre
pearson,0.12796875,norm_pre
pearson,0.04640625,norm_pre
pearson,0.07234375,norm_pre
pearson,0.04609375,norm_pre
pearson,0.03671875,norm_pre
pearson,0.05609375,norm_pre
pearson,0.0465625,norm_pre
pearson,0.0378125,norm_pre
pearson,0.0353125,norm_pre
pearson,0.0346875,norm_pre
pearson,0.03515625,norm_pre
pearson,0.049375,norm_pre
pearson,0.73109375,norm_norm
pearson,0.74421875,norm_norm
pearson,0.7290625,norm_norm
pearson,0.7328125,norm_norm
pearson,0.71625,norm_norm
pearson,0.7321875,norm_norm
pearson,0.719375,norm_norm
pearson,0.725,norm_norm
pearson,0.7309375,norm_norm
pearson,0.728125,norm_norm
pearson,0.74484375,norm_norm
pearson,0.75375,norm_norm
pearson,0.73890625,norm_norm
pearson,0.7328125,norm_norm
pearson,0.73203125,norm_norm
pearson,0.7325,norm_norm
pearson,0.74859375,norm_norm
pearson,0.7390625,norm_norm
pearson,0.71984375,norm_norm
pearson,0.7475,norm_norm
pearson,0.72203125,norm_norm
pearson,0.72265625,norm_norm
pearson,0.731875,norm_norm
pearson,0.7265625,norm_norm
pearson,0.7553125,norm_norm
pearson,0.73953125,norm_norm
pearson,0.72328125,norm_norm
pearson,0.725625,norm_norm
pearson,0.7196875,norm_norm
pearson,0.72890625,norm_norm
pearson,0.71546875,norm_norm
pearson,0.73328125,norm_norm
pearson,0.73640625,norm_norm
pearson,0.7225,norm_norm
pearson,0.72453125,norm_norm
pearson,0.7359375,norm_norm
pearson,0.7484375,norm_norm
pearson,0.7284375,norm_norm
pearson,0.735,norm_norm
pearson,0.72671875,norm_norm
pearson,0.74390625,norm_norm
pearson,0.7390625,norm_norm
pearson,0.73734375,norm_norm
pearson,0.7534375,norm_norm
pearson,0.7325,norm_norm
pearson,0.71453125,norm_norm
pearson,0.73875,norm_norm
pearson,0.73125,norm_norm
pearson,0.71375,norm_norm
pearson,0.73328125,norm_norm
pearson,0.7440625,norm_norm
pearson,0.72953125,norm_norm
pearson,0.73859375,norm_norm
pearson,0.73953125,norm_norm
pearson,0.745,norm_norm
pearson,0.72984375,norm_norm
pearson,0.74671875,norm_norm
pearson,0.72671875,norm_norm
pearson,0.72921875,norm_norm
pearson,0.72640625,norm_norm
pearson,0.72890625,norm_norm
pearson,0.7240625,norm_norm
pearson,0.73578125,norm_norm
pearson,0.73171875,norm_norm
pearson,0.746875,norm_norm
pearson,0.749375,norm_norm
pearson,0.74875,norm_norm
pearson,0.73921875,norm_norm
pearson,0.725,norm_norm
pearson,0.72875,norm_norm
pearson,0.73796875,norm_norm
pearson,0.740625,norm_norm
pearson,0.7253125,norm_norm
pearson,0.740625,norm_norm
pearson,0.7259375,norm_norm
pearson,0.74328125,norm_norm
pearson,0.7321875,norm_norm
pearson,0.723125,norm_norm
pearson,0.74328125,norm_norm
pearson,0.73296875,norm_norm
pearson,0.74265625,norm_norm
pearson,0.7321875,norm_norm
pearson,0.71796875,norm_norm
pearson,0.7434375,norm_norm
pearson,0.72171875,norm_norm
pearson,0.71375,norm_norm
pearson,0.733125,norm_norm
pearson,0.735,norm_norm
pearson,0.74328125,norm_norm
pearson,0.710625,norm_norm
pearson,0.735625,norm_norm
pearson,0.73515625,norm_norm
pearson,0.741875,norm_norm
pearson,0.7278125,norm_norm
pearson,0.7340625,norm_norm
pearson,0.75125,norm_norm
pearson,0.71515625,norm_norm
pearson,0.74859375,norm_norm
pearson,0.72875,norm_norm
pearson,0.72515625,norm_norm
pearson,0.3125,norm_cor
pearson,0.314375,norm_cor
pearson,0.3128125,norm_cor
pearson,0.2825,norm_cor
pearson,0.30578125,norm_cor
pearson,0.31375,norm_cor
pearson,0.3125,norm_cor
pearson,0.28140625,norm_cor
pearson,0.31234375,norm_cor
pearson,0.313125,norm_cor
pearson,0.31359375,norm_cor
pearson,0.3125,norm_cor
pearson,0.311875,norm_cor
pearson,0.24703125,norm_cor
pearson,0.31296875,norm_cor
pearson,0.3125,norm_cor
pearson,0.31328125,norm_cor
pearson,0.31,norm_cor
pearson,0.23734375,norm_cor
pearson,0.313125,norm_cor
pearson,0.31265625,norm_cor
pearson,0.3121875,norm_cor
pearson,0.2696875,norm_cor
pearson,0.2978125,norm_cor
pearson,0.31234375,norm_cor
pearson,0.31328125,norm_cor
pearson,0.3125,norm_cor
pearson,0.31234375,norm_cor
pearson,0.3128125,norm_cor
pearson,0.3215625,norm_cor
pearson,0.3084375,norm_cor
pearson,0.26390625,norm_cor
pearson,0.3125,norm_cor
pearson,0.27515625,norm_cor
pearson,0.3128125,norm_cor
pearson,0.32625,norm_cor
pearson,0.31234375,norm_cor
pearson,0.24765625,norm_cor
pearson,0.3128125,norm_cor
pearson,0.3475,norm_cor
pearson,0.31328125,norm_cor
pearson,0.31234375,norm_cor
pearson,0.325625,norm_cor
pearson,0.31265625,norm_cor
pearson,0.3140625,norm_cor
pearson,0.31515625,norm_cor
pearson,0.31359375,norm_cor
pearson,0.313125,norm_cor
pearson,0.31234375,norm_cor
pearson,0.31421875,norm_cor
pearson,0.3109375,norm_cor
pearson,0.31296875,norm_cor
pearson,0.313125,norm_cor
pearson,0.30703125,norm_cor
pearson,0.31234375,norm_cor
pearson,0.3303125,norm_cor
pearson,0.310625,norm_cor
pearson,0.31609375,norm_cor
pearson,0.30703125,norm_cor
pearson,0.31234375,norm_cor
pearson,0.31875,norm_cor
pearson,0.313125,norm_cor
pearson,0.3334375,norm_cor
pearson,0.3128125,norm_cor
pearson,0.31328125,norm_cor
pearson,0.31234375,norm_cor
pearson,0.31234375,norm_cor
pearson,0.3146875,norm_cor
pearson,0.3128125,norm_cor
pearson,0.3125,norm_cor
pearson,0.31234375,norm_cor
pearson,0.27703125,norm_cor
pearson,0.3146875,norm_cor
pearson,0.313125,norm_cor
pearson,0.30640625,norm_cor
pearson,0.31359375,norm_cor
pearson,0.3115625,norm_cor
pearson,0.30296875,norm_cor
pearson,0.3125,norm_cor
pearson,0.3134375,norm_cor
pearson,0.31234375,norm_cor
pearson,0.31234375,norm_cor
pearson,0.3128125,norm_cor
pearson,0.3128125,norm_cor
pearson,0.25421875,norm_cor
pearson,0.311875,norm_cor
pearson,0.3134375,norm_cor
pearson,0.31390625,norm_cor
pearson,0.3125,norm_cor
pearson,0.3125,norm_cor
pearson,0.31234375,norm_cor
pearson,0.3140625,norm_cor
pearson,0.31359375,norm_cor
pearson,0.313125,norm_cor
pearson,0.31375,norm_cor
pearson,0.304375,norm_cor
pearson,0.31328125,norm_cor
pearson,0.31234375,norm_cor
pearson,0.3128125,norm_cor
pearson,0.31234375,norm_cor
pearson,0.2659375,cor_pre
pearson,0.3634375,cor_pre
pearson,0.3265625,cor_pre
pearson,0.335,cor_pre
pearson,0.31671875,cor_pre
pearson,0.30984375,cor_pre
pearson,0.30703125,cor_pre
pearson,0.31703125,cor_pre
pearson,0.30921875,cor_pre
pearson,0.2925,cor_pre
pearson,0.3175,cor_pre
pearson,0.30453125,cor_pre
pearson,0.305625,cor_pre
pearson,0.3153125,cor_pre
pearson,0.3021875,cor_pre
pearson,0.25921875,cor_pre
pearson,0.3378125,cor_pre
pearson,0.3078125,cor_pre
pearson,0.4334375,cor_pre
pearson,0.33578125,cor_pre
pearson,0.3003125,cor_pre
pearson,0.30859375,cor_pre
pearson,0.30421875,cor_pre
pearson,0.37265625,cor_pre
pearson,0.3053125,cor_pre
pearson,0.32140625,cor_pre
pearson,0.36015625,cor_pre
pearson,0.32265625,cor_pre
pearson,0.31328125,cor_pre
pearson,0.3190625,cor_pre
pearson,0.29609375,cor_pre
pearson,0.30875,cor_pre
pearson,0.3109375,cor_pre
pearson,0.2315625,cor_pre
pearson,0.3296875,cor_pre
pearson,0.37546875,cor_pre
pearson,0.30515625,cor_pre
pearson,0.3190625,cor_pre
pearson,0.2903125,cor_pre
pearson,0.30109375,cor_pre
pearson,0.306875,cor_pre
pearson,0.3353125,cor_pre
pearson,0.33828125,cor_pre
pearson,0.3978125,cor_pre
pearson,0.309375,cor_pre
pearson,0.34984375,cor_pre
pearson,0.2896875,cor_pre
pearson,0.29625,cor_pre
pearson,0.33765625,cor_pre
pearson,0.306875,cor_pre
pearson,0.338125,cor_pre
pearson,0.32609375,cor_pre
pearson,0.33390625,cor_pre
pearson,0.38359375,cor_pre
pearson,0.38078125,cor_pre
pearson,0.30640625,cor_pre
pearson,0.288125,cor_pre
pearson,0.30921875,cor_pre
pearson,0.3490625,cor_pre
pearson,0.30390625,cor_pre
pearson,0.33328125,cor_pre
pearson,0.274375,cor_pre
pearson,0.32515625,cor_pre
pearson,0.3615625,cor_pre
pearson,0.29171875,cor_pre
pearson,0.29765625,cor_pre
pearson,0.3859375,cor_pre
pearson,0.30671875,cor_pre
pearson,0.3078125,cor_pre
pearson,0.4240625,cor_pre
pearson,0.2834375,cor_pre
pearson,0.3559375,cor_pre
pearson,0.3075,cor_pre
pearson,0.460625,cor_pre
pearson,0.28484375,cor_pre
pearson,0.266875,cor_pre
pearson,0.28453125,cor_pre
pearson,0.30109375,cor_pre
pearson,0.3165625,cor_pre
pearson,0.23828125,cor_pre
pearson,0.3403125,cor_pre
pearson,0.29140625,cor_pre
pearson,0.298125,cor_pre
pearson,0.31484375,cor_pre
pearson,0.31375,cor_pre
pearson,0.28140625,cor_pre
pearson,0.29296875,cor_pre
pearson,0.31078125,cor_pre
pearson,0.31859375,cor_pre
pearson,0.326875,cor_pre
pearson,0.28265625,cor_pre
pearson,0.3259375,cor_pre
pearson,0.351875,cor_pre
pearson,0.3540625,cor_pre
pearson,0.28296875,cor_pre
pearson,0.31921875,cor_pre
pearson,0.3084375,cor_pre
pearson,0.2840625,cor_pre
pearson,0.31296875,cor_pre
pearson,0.3265625,cor_pre
pearson,0.2871875,cor_norm
pearson,0.29515625,cor_norm
pearson,0.2940625,cor_norm
pearson,0.32328125,cor_norm
pearson,0.31109375,cor_norm
pearson,0.2878125,cor_norm
pearson,0.2896875,cor_norm
pearson,0.305,cor_norm
pearson,0.29921875,cor_norm
pearson,0.29515625,cor_norm
pearson,0.2846875,cor_norm
pearson,0.2971875,cor_norm
pearson,0.2971875,cor_norm
pearson,0.29359375,cor_norm
pearson,0.30140625,cor_norm
pearson,0.278125,cor_norm
pearson,0.2971875,cor_norm
pearson,0.30703125,cor_norm
pearson,0.30390625,cor_norm
pearson,0.29375,cor_norm
pearson,0.30375,cor_norm
pearson,0.30296875,cor_norm
pearson,0.29296875,cor_norm
pearson,0.3,cor_norm
pearson,0.29625,cor_norm
pearson,0.305,cor_norm
pearson,0.29921875,cor_norm
pearson,0.30078125,cor_norm
pearson,0.3040625,cor_norm
pearson,0.28890625,cor_norm
pearson,0.29609375,cor_norm
pearson,0.29390625,cor_norm
pearson,0.2915625,cor_norm
pearson,0.29234375,cor_norm
pearson,0.301875,cor_norm
pearson,0.29390625,cor_norm
pearson,0.2903125,cor_norm
pearson,0.2825,cor_norm
pearson,0.28875,cor_norm
pearson,0.28796875,cor_norm
pearson,0.310625,cor_norm
pearson,0.2925,cor_norm
pearson,0.29453125,cor_norm
pearson,0.29515625,cor_norm
pearson,0.2990625,cor_norm
pearson,0.30109375,cor_norm
pearson,0.29125,cor_norm
pearson,0.29953125,cor_norm
pearson,0.30140625,cor_norm
pearson,0.286875,cor_norm
pearson,0.28234375,cor_norm
pearson,0.31046875,cor_norm
pearson,0.2884375,cor_norm
pearson,0.2984375,cor_norm
pearson,0.31203125,cor_norm
pearson,0.2975,cor_norm
pearson,0.30875,cor_norm
pearson,0.29515625,cor_norm
pearson,0.3028125,cor_norm
pearson,0.29609375,cor_norm
pearson,0.290625,cor_norm
pearson,0.29671875,cor_norm
pearson,0.30734375,cor_norm
pearson,0.29953125,cor_norm
pearson,0.30203125,cor_norm
pearson,0.30328125,cor_norm
pearson,0.29640625,cor_norm
pearson,0.2846875,cor_norm
pearson,0.2890625,cor_norm
pearson,0.29625,cor_norm
pearson,0.28234375,cor_norm
pearson,0.2990625,cor_norm
pearson,0.29921875,cor_norm
pearson,0.29078125,cor_norm
pearson,0.28484375,cor_norm
pearson,0.289375,cor_norm
pearson,0.2959375,cor_norm
pearson,0.30140625,cor_norm
pearson,0.2940625,cor_norm
pearson,0.3,cor_norm
pearson,0.29734375,cor_norm
pearson,0.2909375,cor_norm
pearson,0.30046875,cor_norm
pearson,0.31390625,cor_norm
pearson,0.316875,cor_norm
pearson,0.27921875,cor_norm
pearson,0.29609375,cor_norm
pearson,0.2925,cor_norm
pearson,0.29625,cor_norm
pearson,0.28859375,cor_norm
pearson,0.29703125,cor_norm
pearson,0.28921875,cor_norm
pearson,0.28765625,cor_norm
pearson,0.315,cor_norm
pearson,0.28296875,cor_norm
pearson,0.30640625,cor_norm
pearson,0.29421875,cor_norm
pearson,0.29140625,cor_norm
pearson,0.298125,cor_norm
pearson,0.29109375,cor_norm
pearson,0.2575,cor_cor
pearson,0.31484375,cor_cor
pearson,0.27796875,cor_cor
pearson,0.31640625,cor_cor
pearson,0.32734375,cor_cor
pearson,0.313125,cor_cor
pearson,0.31453125,cor_cor
pearson,0.31359375,cor_cor
pearson,0.34640625,cor_cor
pearson,0.11765625,cor_cor
pearson,0.11125,cor_cor
pearson,0.2925,cor_cor
pearson,0.10609375,cor_cor
pearson,0.29578125,cor_cor
pearson,0.26,cor_cor
pearson,0.313125,cor_cor
pearson,0.31265625,cor_cor
pearson,0.31171875,cor_cor
pearson,0.34125,cor_cor
pearson,0.314375,cor_cor
pearson,0.3140625,cor_cor
pearson,0.31328125,cor_cor
pearson,0.14765625,cor_cor
pearson,0.2715625,cor_cor
pearson,0.3146875,cor_cor
pearson,0.3225,cor_cor
pearson,0.3034375,cor_cor
pearson,0.32234375,cor_cor
pearson,0.30609375,cor_cor
pearson,0.28640625,cor_cor
pearson,0.31265625,cor_cor
pearson,0.3484375,cor_cor
pearson,0.31375,cor_cor
pearson,0.33140625,cor_cor
pearson,0.3134375,cor_cor
pearson,0.3134375,cor_cor
pearson,0.3334375,cor_cor
pearson,0.31296875,cor_cor
pearson,0.31375,cor_cor
pearson,0.313125,cor_cor
pearson,0.28484375,cor_cor
pearson,0.2878125,cor_cor
pearson,0.2703125,cor_cor
pearson,0.31390625,cor_cor
pearson,0.32125,cor_cor
pearson,0.3128125,cor_cor
pearson,0.3134375,cor_cor
pearson,0.38265625,cor_cor
pearson,0.32046875,cor_cor
pearson,0.358125,cor_cor
pearson,0.31328125,cor_cor
pearson,0.3159375,cor_cor
pearson,0.31390625,cor_cor
pearson,0.3284375,cor_cor
pearson,0.29671875,cor_cor
pearson,0.313125,cor_cor
pearson,0.30859375,cor_cor
pearson,0.2678125,cor_cor
pearson,0.32140625,cor_cor
pearson,0.32390625,cor_cor
pearson,0.31359375,cor_cor
pearson,0.3153125,cor_cor
pearson,0.2603125,cor_cor
pearson,0.3109375,cor_cor
pearson,0.3340625,cor_cor
pearson,0.37375,cor_cor
pearson,0.3503125,cor_cor
pearson,0.14546875,cor_cor
pearson,0.3175,cor_cor
pearson,0.31328125,cor_cor
pearson,0.3128125,cor_cor
pearson,0.3071875,cor_cor
pearson,0.31265625,cor_cor
pearson,0.31484375,cor_cor
pearson,0.3059375,cor_cor
pearson,0.31296875,cor_cor
pearson,0.31375,cor_cor
pearson,0.31140625,cor_cor
pearson,0.3128125,cor_cor
pearson,0.105,cor_cor
pearson,0.31984375,cor_cor
pearson,0.31453125,cor_cor
pearson,0.265625,cor_cor
pearson,0.3203125,cor_cor
pearson,0.33109375,cor_cor
pearson,0.338125,cor_cor
pearson,0.31703125,cor_cor
pearson,0.32203125,cor_cor
pearson,0.2896875,cor_cor
pearson,0.3128125,cor_cor
pearson,0.23546875,cor_cor
pearson,0.313125,cor_cor
pearson,0.3128125,cor_cor
pearson,0.34015625,cor_cor
pearson,0.31703125,cor_cor
pearson,0.3128125,cor_cor
pearson,0.31359375,cor_cor
pearson,0.31375,cor_cor
pearson,0.318125,cor_cor
pearson,0.34703125,cor_cor
random,0.25142857142857145,random_random
random,0.24767857142857144,random_random
random,0.25392857142857145,random_random
random,0.25125,random_random
random,0.2517857142857143,random_random
random,0.25357142857142856,random_random
random,0.25392857142857145,random_random
random,0.2526785714285714,random_random
random,0.2546428571428571,random_random
random,0.2532142857142857,random_random
random,0.26053571428571426,random_random
random,0.2557142857142857,random_random
random,0.24857142857142858,random_random
random,0.24464285714285713,random_random
random,0.2546428571428571,random_random
random,0.2475,random_random
random,0.25214285714285717,random_random
random,0.25214285714285717,random_random
random,0.24928571428571428,random_random
random,0.24285714285714285,random_random
random,0.25,random_random
random,0.24946428571428572,random_random
random,0.25107142857142856,random_random
random,0.24571428571428572,random_random
random,0.25160714285714286,random_random
random,0.24910714285714286,random_random
random,0.2575,random_random
random,0.25125,random_random
random,0.25,random_random
random,0.25,random_random
random,0.24732142857142858,random_random
random,0.24910714285714286,random_random
random,0.25339285714285714,random_random
random,0.25214285714285717,random_random
random,0.24214285714285713,random_random
random,0.2526785714285714,random_random
random,0.24017857142857144,random_random
random,0.24482142857142858,random_random
random,0.2532142857142857,random_random
random,0.25410714285714286,random_random
random,0.255,random_random
random,0.255,random_random
random,0.25535714285714284,random_random
random,0.25357142857142856,random_random
random,0.24107142857142858,random_random
random,0.24857142857142858,random_random
random,0.24535714285714286,random_random
random,0.2505357142857143,random_random
random,0.2505357142857143,random_random
random,0.24482142857142858,random_random
random,0.2548214285714286,random_random
random,0.2519642857142857,random_random
random,0.255,random_random
random,0.24607142857142858,random_random
random,0.2575,random_random
random,0.24803571428571428,random_random
random,0.2505357142857143,random_random
random,0.24892857142857142,random_random
random,0.2526785714285714,random_random
random,0.2501785714285714,random_random
random,0.24625,random_random
random,0.245,random_random
random,0.25535714285714284,random_random
random,0.25285714285714284,random_random
random,0.24446428571428572,random_random
random,0.25214285714285717,random_random
random,0.2542857142857143,random_random
random,0.23857142857142857,random_random
random,0.2519642857142857,random_random
random,0.24928571428571428,random_random
random,0.2525,random_random
random,0.26053571428571426,random_random
random,0.24803571428571428,random_random
random,0.24589285714285714,random_random
random,0.2525,random_random
random,0.23982142857142857,random_random
random,0.2394642857142857,random_random
random,0.2526785714285714,random_random
random,0.245,random_random
random,0.2530357142857143,random_random
random,0.24035714285714285,random_random
random,0.2505357142857143,random_random
random,0.24357142857142858,random_random
random,0.25,random_random
random,0.24160714285714285,random_random
random,0.25107142857142856,random_random
random,0.2642857142857143,random_random
random,0.25392857142857145,random_random
random,0.2519642857142857,random_random
random,0.25535714285714284,random_random
random,0.24375,random_random
random,0.255,random_random
random,0.24928571428571428,random_random
random,0.24428571428571427,random_random
random,0.25910714285714287,random_random
random,0.24660714285714286,random_random
random,0.25410714285714286,random_random
random,0.2517857142857143,random_random
random,0.2519642857142857,random_random
random,0.25375,random_random
